color;comentarios;envio;especificacion;nombre;oferta;precio;rating
negro,azul,marrón,rosado,vino rojo;i love it-Fantastic quality ! Even fits my 13” laptop for work ! ❤️❤️❤️❤️❤️-Сумка очень понравилась! Вместительная, удобная. Качество отличное! Упаковано хорошо. Посылка пришла достаточно быстро. Спасибо продавцу!-muito linda, melhor do que eu esperava, e é bem grande.-I liked it very much Amazing bag with larger space;en stock, enviado en Aug 28 - Aug 30;Estilo: Viajar,Material: PU,Tipo de patrón: Sólido,;Mujer Laptop de viaje de diseño Bolsa Crossbody sólido Bolsa  ;-75%;26984;5.0
negro,azul,marrón,rosado,vino rojo;The order came without damages and was good packet. Also it was here really quick. The bag is a perfect size and not too big.-No me gusto mucho el forro de adentro pero la bolsa de afuera esta bonita-bonita y accesible-Beautiful Bag, very happy with my purchase-l’article est très bien.;en stock, enviado en Aug 28 - Aug 30;Estilo: Casual,Mundano,Material: PU,cuero de imitación,Tipo de cierre: Cremallera,Aldaba,Cremallera y cerrojo,Ocasión: Fiesta,Versátil,tienda,Colegio,Tipo de patrón: Sólido,Decoración: Suave,Forma: Totalizador,Hombro,Estructura de bolsas: Bolsillo del teléfono celular,Bolsillo interior con cremallera,Dureza: Suave,Caracteristicas: Correas ajustables,Correa de hombro desmontable,Multi-Carry,tamaño: M,;QUEENIE Mujer Botella desmontable multifunción sólida Bolsa Hombro de compras Bolsa;-56%;29173;5.0
mochila monocolor disponible en varios colores. cierre mediante cremallera.;A bolsa é linda, do tamanho da medida da foto e veio super bem embalada. Estou muito satisfeita.-Bella capiente una borsa da portare tutto i giorni.-Bella ..ne ho un'altra dello stesso modello di colore azzurro.. sono pratiche e di giusta dimensione-i like the color. its bluegray. worth the wait. bag is roomy, with sturdy handles. thank you-Love the bag, great size, good pockets, but was disappointed with the colour. I chose blue but the colour was closer to grey. Still for the price, it’s a great bag.;en stock, enviado en Aug 28 - Aug 30;"Peso: 900 g,Largo x alto x ancho 38,5 x 36 x 8,5 cm (15,16"" x 14,17"" x 3,35""),Composición:,Exterior: piel bovina,";BRENICE Mochila vintage piel bovina;-52%;29165;4.9
negro,azul,gris,amarillo,naranja,rosa roja,vino rojo;No es tan expandible, es bastante rigida pero igual muy buen productor-نفس اللي بالصوره وجحمها مره عجبني-I was very pleased with this bag and have ordered two more for gifts.-good quality. love it.-Love the quality of the bag.. really nice.. especially the color;solo queda 5 - enviado en Aug 28 - Aug 30;Estilo: Viajar,Moda,Casual,Mundano,Material: PU,cuero de imitación,Tipo de cierre: Cremallera,Ocasión: Fiesta,Versátil,tienda,Viajar,Colegio,Tipo de patrón: Sólido,Decoración: Suave,Forma: Hombro,Tipo de bolsa: Bolso del teléfono,Estructura de bolsas: Bolsillo del teléfono celular,Zipper_Pouch,Dureza: Suave,Caracteristicas: Correas ajustables,Correa de hombro desmontable,Multi-Carry,tamaño: M,;Mujer Tarjeta de cuero sintético sólido Bolsa Teléfono Bolsa Crossbody Bolsa;-60%;14583;5.0
;Took longer than expected to get here, but it's cute! The neck strap is a little long though, but that's okay-I like it-the product we all nice! fast delivery-really nice and arrived within time specified-Item came in good condition. Nice Colour.;en stock, enviado en Aug 28 - Aug 30;Material: PU,;Cartera de animal a lunares con cuerda;-74%;4370;5.0
negro,beige;This bag is absolutely beautiful. Everywhere I go with it, someone tells me how much they like it.-pretty sumner bag-Thank you ......................-just what I ordered-I really like this bag. Looks very beautiful & big enough for carrying a lot if things.;en stock, enviado en Aug 28 - Aug 30;Estilo: Nacional,Material: Lona,Tipo de cierre: Cuerda,Ocasión: Fiesta,tienda,Viajar,Colegio,Tipo de patrón: Impresión,Decoración: Cadenas,Forma: Cangilón,Tipo de bolsa: Bolsa de canasta,Estructura de bolsas: Bolsillo interior de la ranura,Bolsillo del teléfono celular,Bolsillo interior con cremallera,Zipper_Pouch,Dureza: Suave,Caracteristicas: Correas ajustables,Correa de hombro desmontable,tamaño: M,;Mujer National Bucket Bolsa Crossbody de impresión Bolsa;-58%;8506;4.8
negro,azul,rojo,marrón,gris;Arrived a day early...very good quality. In all delighted-Brilliant bag, cross body very comfy to wear and fits a lot more than you expect. Very well made and lovely colour.
Excellent value for money, will be ordering more colours.-This bag is ideal for my needs. Can get all I need in it.-Very happy with my purchase Brilliant bag. Better than expected, very good quality & spacious. Just right for what I needed. Would recommend. ☺-Really pleased with quality of the leather ,love it;esperado enviado en February 07,2106;Estilo: Nacional,Material: PU,Tipo de cierre: Cremallera,Ocasión: Versátil,Estructura de bolsas: Bolsillo del teléfono celular,Caracteristicas: Correas ajustables,Correa de hombro desmontable,Multi-Carry,;QUEENIE Mujer Bolso en relieve informal Compras Hombro Bolsa;-58%;29173;5.0
negro,azul,rojo,marrón,gris;Great product. Look 95% like in the photos. Not as classy as in the photo though. I still really like the design with many small parts to put different things in this bag. Especially for the keychain holder, I love it very much.-The pockets are helpful. But it came distorted I had to do some fixing to get it in the shape atleast a little closer to the original. Cards can hardly fit in the slots. Still pretty though.-perfect-I liked the style of the bag and the color.-Nice bag!;en stock, enviado en Aug 28 - Aug 30;Estilo: Casual,Mundano,Material: PU,Tipo de cierre: Cremallera,Ocasión: tienda,Tipo de patrón: Forma: Hombro,Estructura de bolsas: Zipper_Pouch,Dureza: Suave,Caracteristicas: Correas ajustables,Correa de hombro desmontable,Multi-Carry,tamaño: S,;Mujer Diseño Crossbody Multifunción Bolso Sólido Bolsa;-70%;25525;4.9
negro,azul,rojo,marrón,gris,rosado,amarillo,púrpura,naranja,vino rojo;love the many mini compartments. makes it convenient.-The bag is nice and it has good quality. Worth the wait-the bag is nice but when i received the it. it was deformed and with stain. its nice if they put in in the box-this bag is too small. Smaller than appears in the pictures.-would be better if the bag was horizontal rather than vertical zippers;en stock, enviado en Aug 28 - Aug 30;Estilo: Viajar,Moda,Casual,Mundano,Material: PU,Tipo de cierre: Cremallera,Ocasión: Fiesta,Versátil,tienda,Viajar,Deporte,Colegio,Tipo de patrón: Sólido,Tipo de bolsa: Bolso del teléfono,Estructura de bolsas: Bolsillo del teléfono celular,Zipper_Pouch,Dureza: Difícil,Caracteristicas: Correas ajustables,Correa de hombro desmontable,Multi-Carry,tamaño: M,;Mujer PU de cuero Embrague Bolsa Tarjeta Bolsa Teléfono Bolsa Crossbody Bolsa;-53%;18960;4.8
negro,blanco,azul;;esperado enviado en Sep 03 - Sep 13;Estilo: Casual,Material: Oxford,Tipo de cierre: Cremallera,Ocasión: tienda,Deporte,Estructura de bolsas: Bolsillo del teléfono celular,Caracteristicas: Correas ajustables,;Xiaomi Lecturer Backpack Bolsa;-72%;19689;0.0
multicolor;It's really sweet, not sure if I will keep it for myself or give it as a gift. It's really quite unusual, well made and has lots of zipped pockets.-Cute bag...but hope it was a little more bigger. With several compartment to put stuff. Soft and silky material...light weight and with 3 useful way to carry. Actual bag us same as photo. Love it-I guess not so good.-parfait petit mes grande contenance-;en stock, enviado en Aug 28 - Aug 30;Estilo: Negocio,bohemio,Vendimia,Material: Nylon,Tipo de cierre: Cubrir,Ocasión: tienda,Colegio,Tipo de patrón: Floral,Leopardo,Animal Prints,A rayas,Hoja,Decoración: Puntadas,Arco,Forma: Bostón,Atlético,Tipo de bolsa: Bolso del teléfono,Bolsa de canasta,Estructura de bolsas: Bolsillo interior de la ranura,Bolsillo del teléfono celular,Tenedor de cadena dominante interior,Compartimiento interior,Caracteristicas: Correas ajustables,Correa de hombro desmontable,tamaño: M,;Bolsos de viaje Bolsos lindos Nylon Bolsos Nylon Crossbody Bolsa Totalizador Bolsa;-68%;11665;4.8
;Good as laptop bag-good quality. worth to purchase. Packing must be improved.-great material seems sturdy now, let’s see how long this will last-nice backpack, just what I was looking for.-Quality is very good, perfect for the notebook. USB port working I need a power bank.;en stock, enviado en Aug 28 - Aug 30;Estructura de bolsas: Compartimiento interior,;Classic Business Mochilas 17L Capacidad Estudiantes Laptop Bolsa de Xiaomi MI JIA;-87%;9476;4.9
negro,azul,gris;Satisfeito com artigo.-;en stock, enviado en Aug 28 - Aug 30;Estilo: Casual,Material: Nylon,Tipo de cierre: Cremallera,Ocasión: Versátil,Forma: Hombro,Tipo de bolsa: Bolsa de pecho,Estructura de bolsas: Bolsillo interior de la ranura,Caracteristicas: Correas ajustables,Impermeable,tamaño: S,;Impermeable Man al aire libre Puerto de carga USB para viaje Bolsa Sling casual Bolsa Cofre Bolsa ;-63%;13459;0.0
multicolor;Exactly what i want. And the price was just right. My only problem it took too long to come.-item received in gd condition. Not a big bag but gd ti use.-Nice colour, made well, really good price-a small backpack, excellent as a little handbag. big enough to get your iPad in.-I bought few, great quality.;en stock, enviado en Aug 28 - Aug 30;Estilo: Casual,Material: Tipo de cierre: Cremallera,Ocasión: Versátil,Tipo de patrón: Decoración: Suave,Estructura de bolsas: Zipper_Pouch,Caracteristicas: Impermeable,tamaño: L,;Original Xiaomi 10L Mochila 8 colores Nivel 4 Repelente al agua al aire libre Paquete para hombre Mujer;-78%;5099;5.0
negro,azul,gris,rosado,caqui,vino rojo;super sac très grand comme sur la photo aucun défaut de fabrication vraiment super heureuse de mon achat !! je reviens très vite pour de nouvelles commandes-J’ai attendu 10 jours après l’avoir commander. Il est arrivé en très bon état ! Agréablement surprise !-Material is tough and stiff Very appealing Big enough to fit an arch file into 15 days to South Africa Pretoria Overall very happy-the perfect bag, very good quality and super comfortable, the pockets allow me to keep my bag organized and it’s perfect if you want it for school/university, also a large capacity. the shipping took a while but actually they warned me so I can’t complain, maybe about a month but considering I am from Argentina it’s understandable. I live my new bag and I really recommend you guys to get it, specially if you want it to go to uni <3 :)-Nice bag, the quality is decent considering the price.;en stock, enviado en Aug 28 - Aug 30;Estilo: Moda,Casual,Mundano,Material: PU,Tipo de cierre: Cremallera,Ocasión: Fiesta,Versátil,tienda,Viajar,Deporte,Colegio,Tipo de patrón: Sólido,Forma: Hombro,Estructura de bolsas: Bolsillo interior de la ranura,Bolsillo del teléfono celular,Zipper_Pouch,Dureza: Difícil,Caracteristicas: Multi-Carry,tamaño: M,;QUEENIE Mujer Casual Shopping Bolso multifunción hombro sólido Bolsa;-65%;29173;5.0
negro,azul;ordered the oxford travel sling bag so happy with the quality and excellent price looking forward to using it on holiday a must buy.-arrived in excellent condition. looks stylish and versatile. can’t wait to start carrying it around!-Perfecta. Ligera y se adapta bien al torso. Buena elección.-Awesome product nice and compact-nice product..worth the money;en stock, enviado en Aug 28 - Aug 30;Estilo: Casual,Material: Oxford,Tipo de cierre: Cremallera,Ocasión: Versátil,Viajar,Tipo de bolsa: Bolsa de pecho,Estructura de bolsas: Bolsillo interior de la ranura,Bolsillo del teléfono celular,Bolsillo interior con cremallera,Compartimiento interior,Zipper_Pouch,Dureza: Suave,Caracteristicas: Resistente al agua,Multi-Carry,tamaño: M,;Oxford Antirrobo Resistente al agua al aire libre Sling de viaje Bolsa Cofre Bolsa Crossbody Bolsa Para hombres;-50%;10870;5.0
negro,marrón,rosado,verde,vino rojo;No me gusto el forro de adentro pero si esta bonita la bolsa de afuera, el forro lo deberían de hacer de una tela más suave-Really good product. Same as shown in images.-Color is a VERY orange brown not a light cool tone brown like I was hoping, HOWEVER! I’ve had it for almost two weeks and it’s survived a water bottle leaking, very well made!!! VERY happy!-Very great quality-i love the bag. it suits with every colour of clothes that I'm wearing;en stock, enviado en Aug 28 - Aug 30;Estilo: Viajar,Moda,Casual,Mundano,Material: PU,cuero de imitación,Tipo de cierre: Cremallera,Ocasión: Fiesta,Versátil,tienda,Viajar,Deporte,Colegio,Tipo de patrón: Sólido,Forma: Hombro,Estructura de bolsas: Bolsillo interior de la ranura,Bolsillo del teléfono celular,Bolsillo interior con cremallera,Compartimiento interior,Zipper_Pouch,Dureza: Suave,Caracteristicas: Multi-Carry,tamaño: M,;QUEENIE Mujer Bolso de mano de hombro sólido para compras Bolsa;-48%;30632;4.5
multicolor;;esperado enviado en Sep 01;Estilo: Casual,dama,Material: PU,Tipo de cierre: Cubrir,Ocasión: tienda,Colegio,Tipo de patrón: Sólido,Forma: Hombro,tamaño: M,;Laides elegantes bolsos de cuero de la PU del remiendo sólido;-90%;4734;0.0
negro,marrón,gris;"I have been thinking for a long time, how to install this bag and finally research the same shape as the picture. My brother likes this package very much.-muchas gracias un producto perfecto e igual que las fotos y la descripción-El bolso es tal cual se describe. Imatación de piel buena. Suave al tacto. Y terminaciones correctas. Especial atención si lo quieren para llevar portatil. El mio es de 15.6"" . Se adapta bien en el fondo del bolso pero cuesta meterlo porque la parte superior del bolso tiene una diferencia de un cm con la parte inferior por lo que el portatil entra con dificultad demasiado ajustado.-The item is very nice. My son will really love it.-Bag is worth the price and has a good look";en stock, enviado en Aug 28 - Aug 30;Estilo: Viajar,Moda,Casual,Material: cuero de imitación,Tipo de cierre: Cremallera,Aldaba,Cremallera y cerrojo,Ocasión: Fiesta,Versátil,tienda,Viajar,Colegio,Forma: Hombro,Marca: Ekphero,Estructura de bolsas: Bolsillo del teléfono celular,Zipper_Pouch,Dureza: Difícil,Caracteristicas: Correas ajustables,Correa de hombro desmontable,Multi-Carry,tamaño: M,;Bolso de los hombres Mochila multifuncional informal sólido Crossbody Bolsa;-78%;29173;5.0
negro,azul,rojo,marrón,gris,rosado,verde;chegou com menos tempo obrigada-The Quality its not that great, cheap from china.-taille plus petite qu’à quoi je m’attendais-Good for price paid-No muy buen material;en stock, enviado en Aug 28 - Aug 30;Estilo: Casual,Material: PU,cuero de imitación,Tipo de cierre: Cremallera,Ocasión: Fiesta,tienda,Viajar,Colegio,Tipo de patrón: Sólido,Decoración: Borla,Estructura de bolsas: Bolsillo interior de la ranura,Bolsillo del teléfono celular,Bolsillo interior con cremallera,Compartimiento interior,Zipper_Pouch,Caracteristicas: Correas ajustables,Correa de hombro desmontable,tamaño: M,;4 UNIDS Mujer PU Bolso de Cuero Borla Ocio Crossbody Bolsa Hombro Sólido Bolsa;-55%;8338;4.4
negro,rojo,marrón,caqui;nice bag looks like the picture-Hermoso color y tamaño perfecto!-Хорошая вещь. Приятно удивлена таким качеством. Рекомендую-Thank you so much. Handbag is perfect and I absolutely love it.-the bag is good for day to day use and the material is good too.;en stock, enviado en Aug 28 - Aug 30;Estilo: Casual,Material: PU,cuero de imitación,Tipo de cierre: Cremallera y cerrojo,Ocasión: Fiesta,tienda,Viajar,Tipo de patrón: Forma: Hombro,Estructura de bolsas: Bolsillo interior de la ranura,Bolsillo del teléfono celular,Bolsillo interior con cremallera,Compartimiento interior,Zipper_Pouch,tamaño: L,;Mujer Multi-layer Casual Shoulder Bolsa Quilt Solid Handbag;-61%;17501;5.0
;I just love this Multi-Card Slots. They are very useful and they keep as knew for a long time. They occupy a small space in your bag. The best.-Awesome wallet. Looks great and works great-Seems okay. Looks like the photo. Hopefully it will provide room for all my cards so that I can find them easily.-love this so much. good quality and design-Nice, elegant and attractive;en stock, enviado en Aug 28 - Aug 30;Tipo: cartera, Material: PU,;Cartera de cuero de microfibra con multi-ranuras de tarjeta para mujeres;-62%;7280;4.8
negro,azul,gris;;esperado enviado en Aug 30 - Sep 01;Estilo: Viajar,Casual,Mundano,Material: Tejidos,Tipo de cierre: Cremallera,Ocasión: Viajar,Colegio,Tipo de bolsa: Bolso del ordenador portátil,Estructura de bolsas: Bolsillo del teléfono celular,Bolsillo interior con cremallera,Zipper_Pouch,tamaño: L,;Original Xiaomi 20L College Escuela 15.6 pulgadas Mochila para portátil ;-65%;21878;0.0
negro,marrón;Entrega com perfeição, produto de acordo com o que eu comprei adorei-really cute. I'm excited to use this!-Foi uma agradável surpresa a forma como tudo foi tratado. Já com a mochila pronta para a nova aventura. Obrigada-Llegó en buenas condiciones, recibí lo que esperaba. Bastante conforme para ser mi primera compra.-soo good. faster, best quality;en stock, enviado en Aug 28 - Aug 30;Estilo: Vendimia,Material: PU,Tipo de cierre: Cremallera,Ocasión: Fiesta,tienda,Viajar,Colegio,Tipo de patrón: Sólido,Forma: Cartera,Estructura de bolsas: Bolsillo interior de la ranura,Bolsillo del teléfono celular,Bolsillo interior con cremallera,Compartimiento interior,Zipper_Pouch,Caracteristicas: Correas ajustables,tamaño: L,;Mochila para mujer Bolso de viaje Mochila Escuela Hombro Bolsa;-56%;20090;4.8
;Качество хорошее,товар понравился спасибо-I love it!-Mignon mais trop petit pour carte d d'identité-Great wee wallet-Die Geldbörse ist perfekt. Größe und Farbe übereinstimmend, wie auf dem Foto zu sehen. Kunstleder;esperado enviado en Aug 30 - Sep 01;Material: cuero genuino,;RFID Cartera antimagnética de cuero genuino de 11 colores con 11 ranuras de tarjeta;-69%;7280;4.9
negro,azul,marrón;buen producto, llego en tiempo-nice.... oke.. good-Really great thing-Looks nice. I would recommend it to others.-جميلة جدا وخامتها روعة;en stock, enviado en Aug 28 - Aug 30;Estilo: Negocio,Casual,Tipo de cierre: Aldaba,Cubrir,Ocasión: Versátil,Colegio,Tipo de bolsa: Titular de la tarjeta,Monedero,Tipo de carteras: Mini Carteras,Carteras de organizador,Monedero,Porta tarjetas,Delgado,Estilo de billetera: Broche de cierre,;Monedero para tarjeta de múltiples ranuras de color liso para hombres;-48%;5099;4.8
multicolor;Bought this for my mother. It must have been stored for decades in some storage. It smells really bad. How could you ship something like that. It should be illegal.-un petit sac original-very nice and coloured bag!-Super contente, c'est exactement ce que j'attendais les couleurs, la qualité, le cuir, la forme ....-I really love this bag the shade of colour is darker than advertised but still a lovely bag thank you.;en stock, enviado en Aug 28 - Aug 30;Estilo: Vendimia,Material: Piel genuina,Tipo de cierre: Cremallera,Ocasión: Fiesta,tienda,Viajar,Colegio,Tipo de bolsa: Bolsa de canasta,Estructura de bolsas: Bolsillo interior de la ranura,Bolsillo del teléfono celular,Bolsillo interior con cremallera,Compartimiento interior,Zipper_Pouch,Caracteristicas: Correas ajustables,Correa de hombro desmontable,;Bolso de Crossbody floral del cuero genuino de las mujeres Bolsos de Bohemia del bolso del cubo de la vendimia;-79%;13853;4.6
negro,azul,marrón,gris,verde,púrpura;Nice und as expected-Very nice bag-Eine Tolle Tasche elegant und praktisch-التأخير في التسليم-Practical bag. Good value. Smaller than I expected but like it.;en stock, enviado en Aug 28 - Aug 30;Estilo: Casual,Material: Oxford,Tipo de cierre: Cremallera,Ocasión: Versátil,Viajar,Tipo de bolsa: Bolsa de pecho,Estructura de bolsas: Bolsillo interior de la ranura,Bolsillo del teléfono celular,Bolsillo interior con cremallera,Compartimiento interior,Zipper_Pouch,Dureza: Suave,Caracteristicas: Correas ajustables,Multi-Carry,tamaño: M,;Gran capacidad Casual al aire libre Puerto USB de carga Puerto Sling Bolsa Cofre Bolsa Crossbody Bolsa;-51%;10840;4.9
negro,marrón,gris,rosado;bem grande, gostei muito!-;esperado enviado en Aug 30 - Sep 01;Estilo: Casual,Material: PU,cuero de imitación,Tipo de cierre: Aldaba,Ocasión: Versátil,Tipo de patrón: Decoración: Difícil,Caracteristicas: ,;Mujer gran capacidad 2pcs bolsos de cuero de la PU Bolsa Crossbody Bolsa;-50%;7288;5.0
verde;poor product quality-the product was real-the bag is not like branded .-bonita, pero muy pequeña-es bonita pero pequeña;esperado enviado en Aug 30 - Sep 01;Estilo: bohemio,Material: PU,cuero de imitación,Tipo de cierre: Cremallera,Ocasión: Fiesta,tienda,Viajar,Colegio,Tipo de patrón: Impresión,Forma: Cartera,Hombro,Tipo de bolsa: Bolso del teléfono,Estructura de bolsas: Bolsillo del teléfono celular,Bolsillo interior con cremallera,Zipper_Pouch,Caracteristicas: Correas ajustables,Correa de hombro desmontable,tamaño: S,;Bolsos cruzados del viaje de la mochila bohemia de las mujeres del estampado forestal de las mujeres;-56%;9673;4.6
bolsa de almacenaje monocolor disponible en varios colores. cierre mediante cremallera.;Beautiful and very useful luggage packing set. Fast delivery to Canada.-ADOREI! Lindo demais.-good product and received in perfect condition-perfect perfect perfect-perfecto, tal cual la foto;en stock, enviado en Aug 28 - Aug 30;;5/7/9 Bolsas de almacenaje impermeable;-78%;9476;5.0
;"Adorei,recumendo Newchic a todos,obrigado pela atenção . Cumprimentos-Adorei estão de parabéns obrigado pela atenção Cumprimentos-Не совсем то, что ожидали, думали он из ткани снаружи и подкладка внутри, на самом деле из дешевой такой резиновой ""ткани"". Вместительный. Явно непромокаемый. Если его руками не трогать, то выглядит в общем стильно. Покупали ребенку в школу. Ребенок рад.-Demorou um pouco mais que o esperado, mas valeu a pena.-en perfecto estado muy lindo y de buen tamaño";en stock, enviado en Aug 28 - Aug 30;Tipo: mochila,;Mochila clásica de oxford adecuada para MacBook Pro de 11'' 13'' 15'' para hombres y mujeres;-46%;19222;4.7
negro,rojo,gris,rosado,amarillo;tamanho e cor otimos-nice product and fast delivery-It is a good quality, but due to the transport, it has a little deformed on the side and I will have to waste a lot of time to mold it. The shoulder-strap is great and it stops to the taste of anyone even-Such a cute little bag!! I’ve been looking for a little yellow bag for ages and I’ve finally got one. It’s a really good size.-Very goooood quality;en stock, enviado en Aug 28 - Aug 30;Estilo: Casual,Material: cuero de imitación,Tipo de cierre: Cremallera,Ocasión: Fiesta,Versátil,tienda,Colegio,Tipo de patrón: Decoración: Difícil,Forma: Hombro,Estructura de bolsas: Bolsillo interior de la ranura,Bolsillo del teléfono celular,Tenedor de cadena dominante interior,Zipper_Pouch,Dureza: Difícil,Caracteristicas: Correas ajustables,Correa de hombro desmontable,Multi-Carry,tamaño: M,;MANDY Mujer Bolso Cuadrado Sólido Casual De Compras Bolsa;-57%;21878;5.0
negro,caqui;Me encantó esta pequeña y portatil y el material parece bastante bueno-Bin sehr zufrieden und der Versand fing auch schnell. Tasche entspricht dem bild :) Kann ich weiter empfehlen-Well worth it for an every day bag.-Hola, las mochilas muy livianas y comodas, los huaraches super comodos y me los han halagado muchísimo, estoy contenta con estas compras, ojala las nuevas prendas que están por mandarme sean igual o mejor-exactly what I’m looking for;en stock, enviado en Aug 28 - Aug 30;Estilo: Viajar,Material: Nylon,Tipo de cierre: Cremallera,Ocasión: Fiesta,tienda,Viajar,Colegio,Tipo de patrón: Sólido,Estructura de bolsas: Bolsillo interior de la ranura,Bolsillo del teléfono celular,Bolsillo interior con cremallera,Compartimiento interior,Zipper_Pouch,Caracteristicas: Correas ajustables,Correa de hombro desmontable,tamaño: L,;Mochila de viaje antirrobo de nylon para mujeres Mochilas de hombro multifuncionales de ocio sólido;-55%;14357;4.9
 marrón, negro, gris oscuro, amarillo marrón;bag is very nice, more than nice for the price.-Bin sehr zufrieden, alles ist wie in der Beschreibung angegeben9p-Bought as a Father's Day gift. Attractive, nice quality. It got a little squished during transit because is was not stuffed with paper or boxed. My husband says he likes it. He has never worn anything like this before so we shall see if he uses it. It is masculine enough for a men's bag.-just beautiful and so comfortable-just perfect I love it;en stock, enviado en Aug 28 - Aug 30;;Genuino cuero comercial casual bolsa pectoral al hombro en bandolera bolsa para hombres;-49%;31595;4.8
negro,azul,marrón,rosado,vino rojo;i love it-Fantastic quality ! Even fits my 13” laptop for work ! ❤️❤️❤️❤️❤️-Сумка очень понравилась! Вместительная, удобная. Качество отличное! Упаковано хорошо. Посылка пришла достаточно быстро. Спасибо продавцу!-muito linda, melhor do que eu esperava, e é bem grande.-I liked it very much Amazing bag with larger space;en stock, enviado en Aug 28 - Aug 30;Estilo: Viajar,Material: PU,Tipo de patrón: Sólido,;Mujer Laptop de viaje de diseño Bolsa Crossbody sólido Bolsa  ;-75%;26984;5.0
negro,azul,marrón,rosado,vino rojo;The order came without damages and was good packet. Also it was here really quick. The bag is a perfect size and not too big.-No me gusto mucho el forro de adentro pero la bolsa de afuera esta bonita-bonita y accesible-Beautiful Bag, very happy with my purchase-l’article est très bien.;en stock, enviado en Aug 28 - Aug 30;Estilo: Casual,Mundano,Material: PU,cuero de imitación,Tipo de cierre: Cremallera,Aldaba,Cremallera y cerrojo,Ocasión: Fiesta,Versátil,tienda,Colegio,Tipo de patrón: Sólido,Decoración: Suave,Forma: Totalizador,Hombro,Estructura de bolsas: Bolsillo del teléfono celular,Bolsillo interior con cremallera,Dureza: Suave,Caracteristicas: Correas ajustables,Correa de hombro desmontable,Multi-Carry,tamaño: M,;QUEENIE Mujer Botella desmontable multifunción sólida Bolsa Hombro de compras Bolsa;-56%;29173;5.0
mochila monocolor disponible en varios colores. cierre mediante cremallera.;A bolsa é linda, do tamanho da medida da foto e veio super bem embalada. Estou muito satisfeita.-Bella capiente una borsa da portare tutto i giorni.-Bella ..ne ho un'altra dello stesso modello di colore azzurro.. sono pratiche e di giusta dimensione-i like the color. its bluegray. worth the wait. bag is roomy, with sturdy handles. thank you-Love the bag, great size, good pockets, but was disappointed with the colour. I chose blue but the colour was closer to grey. Still for the price, it’s a great bag.;en stock, enviado en Aug 28 - Aug 30;"Peso: 900 g,Largo x alto x ancho 38,5 x 36 x 8,5 cm (15,16"" x 14,17"" x 3,35""),Composición:,Exterior: piel bovina,";BRENICE Mochila vintage piel bovina;-52%;29165;4.9
negro,azul,gris,amarillo,naranja,rosa roja,vino rojo;No es tan expandible, es bastante rigida pero igual muy buen productor-نفس اللي بالصوره وجحمها مره عجبني-I was very pleased with this bag and have ordered two more for gifts.-good quality. love it.-Love the quality of the bag.. really nice.. especially the color;solo queda 5 - enviado en Aug 28 - Aug 30;Estilo: Viajar,Moda,Casual,Mundano,Material: PU,cuero de imitación,Tipo de cierre: Cremallera,Ocasión: Fiesta,Versátil,tienda,Viajar,Colegio,Tipo de patrón: Sólido,Decoración: Suave,Forma: Hombro,Tipo de bolsa: Bolso del teléfono,Estructura de bolsas: Bolsillo del teléfono celular,Zipper_Pouch,Dureza: Suave,Caracteristicas: Correas ajustables,Correa de hombro desmontable,Multi-Carry,tamaño: M,;Mujer Tarjeta de cuero sintético sólido Bolsa Teléfono Bolsa Crossbody Bolsa;-60%;14583;5.0
;Took longer than expected to get here, but it's cute! The neck strap is a little long though, but that's okay-I like it-the product we all nice! fast delivery-really nice and arrived within time specified-Item came in good condition. Nice Colour.;en stock, enviado en Aug 28 - Aug 30;Material: PU,;Cartera de animal a lunares con cuerda;-74%;4370;5.0
negro,beige;This bag is absolutely beautiful. Everywhere I go with it, someone tells me how much they like it.-pretty sumner bag-Thank you ......................-just what I ordered-I really like this bag. Looks very beautiful & big enough for carrying a lot if things.;en stock, enviado en Aug 28 - Aug 30;Estilo: Nacional,Material: Lona,Tipo de cierre: Cuerda,Ocasión: Fiesta,tienda,Viajar,Colegio,Tipo de patrón: Impresión,Decoración: Cadenas,Forma: Cangilón,Tipo de bolsa: Bolsa de canasta,Estructura de bolsas: Bolsillo interior de la ranura,Bolsillo del teléfono celular,Bolsillo interior con cremallera,Zipper_Pouch,Dureza: Suave,Caracteristicas: Correas ajustables,Correa de hombro desmontable,tamaño: M,;Mujer National Bucket Bolsa Crossbody de impresión Bolsa;-58%;8506;4.8
negro,azul,rojo,marrón,gris;Arrived a day early...very good quality. In all delighted-Brilliant bag, cross body very comfy to wear and fits a lot more than you expect. Very well made and lovely colour.
Excellent value for money, will be ordering more colours.-This bag is ideal for my needs. Can get all I need in it.-Very happy with my purchase Brilliant bag. Better than expected, very good quality & spacious. Just right for what I needed. Would recommend. ☺-Really pleased with quality of the leather ,love it;esperado enviado en February 07,2106;Estilo: Nacional,Material: PU,Tipo de cierre: Cremallera,Ocasión: Versátil,Estructura de bolsas: Bolsillo del teléfono celular,Caracteristicas: Correas ajustables,Correa de hombro desmontable,Multi-Carry,;QUEENIE Mujer Bolso en relieve informal Compras Hombro Bolsa;-58%;29173;5.0
negro,azul,rojo,marrón,gris;Great product. Look 95% like in the photos. Not as classy as in the photo though. I still really like the design with many small parts to put different things in this bag. Especially for the keychain holder, I love it very much.-The pockets are helpful. But it came distorted I had to do some fixing to get it in the shape atleast a little closer to the original. Cards can hardly fit in the slots. Still pretty though.-perfect-I liked the style of the bag and the color.-Nice bag!;en stock, enviado en Aug 28 - Aug 30;Estilo: Casual,Mundano,Material: PU,Tipo de cierre: Cremallera,Ocasión: tienda,Tipo de patrón: Forma: Hombro,Estructura de bolsas: Zipper_Pouch,Dureza: Suave,Caracteristicas: Correas ajustables,Correa de hombro desmontable,Multi-Carry,tamaño: S,;Mujer Diseño Crossbody Multifunción Bolso Sólido Bolsa;-70%;25525;4.9
negro,azul,rojo,marrón,gris,rosado,amarillo,púrpura,naranja,vino rojo;love the many mini compartments. makes it convenient.-The bag is nice and it has good quality. Worth the wait-the bag is nice but when i received the it. it was deformed and with stain. its nice if they put in in the box-this bag is too small. Smaller than appears in the pictures.-would be better if the bag was horizontal rather than vertical zippers;en stock, enviado en Aug 28 - Aug 30;Estilo: Viajar,Moda,Casual,Mundano,Material: PU,Tipo de cierre: Cremallera,Ocasión: Fiesta,Versátil,tienda,Viajar,Deporte,Colegio,Tipo de patrón: Sólido,Tipo de bolsa: Bolso del teléfono,Estructura de bolsas: Bolsillo del teléfono celular,Zipper_Pouch,Dureza: Difícil,Caracteristicas: Correas ajustables,Correa de hombro desmontable,Multi-Carry,tamaño: M,;Mujer PU de cuero Embrague Bolsa Tarjeta Bolsa Teléfono Bolsa Crossbody Bolsa;-53%;18960;4.8
negro,blanco,azul;;esperado enviado en Sep 03 - Sep 13;Estilo: Casual,Material: Oxford,Tipo de cierre: Cremallera,Ocasión: tienda,Deporte,Estructura de bolsas: Bolsillo del teléfono celular,Caracteristicas: Correas ajustables,;Xiaomi Lecturer Backpack Bolsa;-72%;19689;0.0
multicolor;It's really sweet, not sure if I will keep it for myself or give it as a gift. It's really quite unusual, well made and has lots of zipped pockets.-Cute bag...but hope it was a little more bigger. With several compartment to put stuff. Soft and silky material...light weight and with 3 useful way to carry. Actual bag us same as photo. Love it-I guess not so good.-parfait petit mes grande contenance-;en stock, enviado en Aug 28 - Aug 30;Estilo: Negocio,bohemio,Vendimia,Material: Nylon,Tipo de cierre: Cubrir,Ocasión: tienda,Colegio,Tipo de patrón: Floral,Leopardo,Animal Prints,A rayas,Hoja,Decoración: Puntadas,Arco,Forma: Bostón,Atlético,Tipo de bolsa: Bolso del teléfono,Bolsa de canasta,Estructura de bolsas: Bolsillo interior de la ranura,Bolsillo del teléfono celular,Tenedor de cadena dominante interior,Compartimiento interior,Caracteristicas: Correas ajustables,Correa de hombro desmontable,tamaño: M,;Bolsos de viaje Bolsos lindos Nylon Bolsos Nylon Crossbody Bolsa Totalizador Bolsa;-68%;11665;4.8
;Good as laptop bag-good quality. worth to purchase. Packing must be improved.-great material seems sturdy now, let’s see how long this will last-nice backpack, just what I was looking for.-Quality is very good, perfect for the notebook. USB port working I need a power bank.;en stock, enviado en Aug 28 - Aug 30;Estructura de bolsas: Compartimiento interior,;Classic Business Mochilas 17L Capacidad Estudiantes Laptop Bolsa de Xiaomi MI JIA;-87%;9476;4.9
negro,azul,gris;Satisfeito com artigo.-;en stock, enviado en Aug 28 - Aug 30;Estilo: Casual,Material: Nylon,Tipo de cierre: Cremallera,Ocasión: Versátil,Forma: Hombro,Tipo de bolsa: Bolsa de pecho,Estructura de bolsas: Bolsillo interior de la ranura,Caracteristicas: Correas ajustables,Impermeable,tamaño: S,;Impermeable Man al aire libre Puerto de carga USB para viaje Bolsa Sling casual Bolsa Cofre Bolsa ;-63%;13459;0.0
multicolor;Exactly what i want. And the price was just right. My only problem it took too long to come.-item received in gd condition. Not a big bag but gd ti use.-Nice colour, made well, really good price-a small backpack, excellent as a little handbag. big enough to get your iPad in.-I bought few, great quality.;en stock, enviado en Aug 28 - Aug 30;Estilo: Casual,Material: Tipo de cierre: Cremallera,Ocasión: Versátil,Tipo de patrón: Decoración: Suave,Estructura de bolsas: Zipper_Pouch,Caracteristicas: Impermeable,tamaño: L,;Original Xiaomi 10L Mochila 8 colores Nivel 4 Repelente al agua al aire libre Paquete para hombre Mujer;-78%;5099;5.0
negro,azul,gris,rosado,caqui,vino rojo;super sac très grand comme sur la photo aucun défaut de fabrication vraiment super heureuse de mon achat !! je reviens très vite pour de nouvelles commandes-J’ai attendu 10 jours après l’avoir commander. Il est arrivé en très bon état ! Agréablement surprise !-Material is tough and stiff Very appealing Big enough to fit an arch file into 15 days to South Africa Pretoria Overall very happy-the perfect bag, very good quality and super comfortable, the pockets allow me to keep my bag organized and it’s perfect if you want it for school/university, also a large capacity. the shipping took a while but actually they warned me so I can’t complain, maybe about a month but considering I am from Argentina it’s understandable. I live my new bag and I really recommend you guys to get it, specially if you want it to go to uni <3 :)-Nice bag, the quality is decent considering the price.;en stock, enviado en Aug 28 - Aug 30;Estilo: Moda,Casual,Mundano,Material: PU,Tipo de cierre: Cremallera,Ocasión: Fiesta,Versátil,tienda,Viajar,Deporte,Colegio,Tipo de patrón: Sólido,Forma: Hombro,Estructura de bolsas: Bolsillo interior de la ranura,Bolsillo del teléfono celular,Zipper_Pouch,Dureza: Difícil,Caracteristicas: Multi-Carry,tamaño: M,;QUEENIE Mujer Casual Shopping Bolso multifunción hombro sólido Bolsa;-65%;29173;5.0
negro,azul;ordered the oxford travel sling bag so happy with the quality and excellent price looking forward to using it on holiday a must buy.-arrived in excellent condition. looks stylish and versatile. can’t wait to start carrying it around!-Perfecta. Ligera y se adapta bien al torso. Buena elección.-Awesome product nice and compact-nice product..worth the money;en stock, enviado en Aug 28 - Aug 30;Estilo: Casual,Material: Oxford,Tipo de cierre: Cremallera,Ocasión: Versátil,Viajar,Tipo de bolsa: Bolsa de pecho,Estructura de bolsas: Bolsillo interior de la ranura,Bolsillo del teléfono celular,Bolsillo interior con cremallera,Compartimiento interior,Zipper_Pouch,Dureza: Suave,Caracteristicas: Resistente al agua,Multi-Carry,tamaño: M,;Oxford Antirrobo Resistente al agua al aire libre Sling de viaje Bolsa Cofre Bolsa Crossbody Bolsa Para hombres;-50%;10870;5.0
negro,marrón,rosado,verde,vino rojo;No me gusto el forro de adentro pero si esta bonita la bolsa de afuera, el forro lo deberían de hacer de una tela más suave-Really good product. Same as shown in images.-Color is a VERY orange brown not a light cool tone brown like I was hoping, HOWEVER! I’ve had it for almost two weeks and it’s survived a water bottle leaking, very well made!!! VERY happy!-Very great quality-i love the bag. it suits with every colour of clothes that I'm wearing;en stock, enviado en Aug 28 - Aug 30;Estilo: Viajar,Moda,Casual,Mundano,Material: PU,cuero de imitación,Tipo de cierre: Cremallera,Ocasión: Fiesta,Versátil,tienda,Viajar,Deporte,Colegio,Tipo de patrón: Sólido,Forma: Hombro,Estructura de bolsas: Bolsillo interior de la ranura,Bolsillo del teléfono celular,Bolsillo interior con cremallera,Compartimiento interior,Zipper_Pouch,Dureza: Suave,Caracteristicas: Multi-Carry,tamaño: M,;QUEENIE Mujer Bolso de mano de hombro sólido para compras Bolsa;-48%;30632;4.5
multicolor;;esperado enviado en Sep 01;Estilo: Casual,dama,Material: PU,Tipo de cierre: Cubrir,Ocasión: tienda,Colegio,Tipo de patrón: Sólido,Forma: Hombro,tamaño: M,;Laides elegantes bolsos de cuero de la PU del remiendo sólido;-90%;4734;0.0
negro,marrón,gris;"I have been thinking for a long time, how to install this bag and finally research the same shape as the picture. My brother likes this package very much.-muchas gracias un producto perfecto e igual que las fotos y la descripción-El bolso es tal cual se describe. Imatación de piel buena. Suave al tacto. Y terminaciones correctas. Especial atención si lo quieren para llevar portatil. El mio es de 15.6"" . Se adapta bien en el fondo del bolso pero cuesta meterlo porque la parte superior del bolso tiene una diferencia de un cm con la parte inferior por lo que el portatil entra con dificultad demasiado ajustado.-The item is very nice. My son will really love it.-Bag is worth the price and has a good look";en stock, enviado en Aug 28 - Aug 30;Estilo: Viajar,Moda,Casual,Material: cuero de imitación,Tipo de cierre: Cremallera,Aldaba,Cremallera y cerrojo,Ocasión: Fiesta,Versátil,tienda,Viajar,Colegio,Forma: Hombro,Marca: Ekphero,Estructura de bolsas: Bolsillo del teléfono celular,Zipper_Pouch,Dureza: Difícil,Caracteristicas: Correas ajustables,Correa de hombro desmontable,Multi-Carry,tamaño: M,;Bolso de los hombres Mochila multifuncional informal sólido Crossbody Bolsa;-78%;29173;5.0
negro,azul,rojo,marrón,gris,rosado,verde;chegou com menos tempo obrigada-The Quality its not that great, cheap from china.-taille plus petite qu’à quoi je m’attendais-Good for price paid-No muy buen material;en stock, enviado en Aug 28 - Aug 30;Estilo: Casual,Material: PU,cuero de imitación,Tipo de cierre: Cremallera,Ocasión: Fiesta,tienda,Viajar,Colegio,Tipo de patrón: Sólido,Decoración: Borla,Estructura de bolsas: Bolsillo interior de la ranura,Bolsillo del teléfono celular,Bolsillo interior con cremallera,Compartimiento interior,Zipper_Pouch,Caracteristicas: Correas ajustables,Correa de hombro desmontable,tamaño: M,;4 UNIDS Mujer PU Bolso de Cuero Borla Ocio Crossbody Bolsa Hombro Sólido Bolsa;-55%;8338;4.4
negro,rojo,marrón,caqui;nice bag looks like the picture-Hermoso color y tamaño perfecto!-Хорошая вещь. Приятно удивлена таким качеством. Рекомендую-Thank you so much. Handbag is perfect and I absolutely love it.-the bag is good for day to day use and the material is good too.;en stock, enviado en Aug 28 - Aug 30;Estilo: Casual,Material: PU,cuero de imitación,Tipo de cierre: Cremallera y cerrojo,Ocasión: Fiesta,tienda,Viajar,Tipo de patrón: Forma: Hombro,Estructura de bolsas: Bolsillo interior de la ranura,Bolsillo del teléfono celular,Bolsillo interior con cremallera,Compartimiento interior,Zipper_Pouch,tamaño: L,;Mujer Multi-layer Casual Shoulder Bolsa Quilt Solid Handbag;-61%;17501;5.0
;I just love this Multi-Card Slots. They are very useful and they keep as knew for a long time. They occupy a small space in your bag. The best.-Awesome wallet. Looks great and works great-Seems okay. Looks like the photo. Hopefully it will provide room for all my cards so that I can find them easily.-love this so much. good quality and design-Nice, elegant and attractive;en stock, enviado en Aug 28 - Aug 30;Tipo: cartera, Material: PU,;Cartera de cuero de microfibra con multi-ranuras de tarjeta para mujeres;-62%;7280;4.8
negro,azul,gris;;esperado enviado en Aug 30 - Sep 01;Estilo: Viajar,Casual,Mundano,Material: Tejidos,Tipo de cierre: Cremallera,Ocasión: Viajar,Colegio,Tipo de bolsa: Bolso del ordenador portátil,Estructura de bolsas: Bolsillo del teléfono celular,Bolsillo interior con cremallera,Zipper_Pouch,tamaño: L,;Original Xiaomi 20L College Escuela 15.6 pulgadas Mochila para portátil ;-65%;21878;0.0
negro,marrón;Entrega com perfeição, produto de acordo com o que eu comprei adorei-really cute. I'm excited to use this!-Foi uma agradável surpresa a forma como tudo foi tratado. Já com a mochila pronta para a nova aventura. Obrigada-Llegó en buenas condiciones, recibí lo que esperaba. Bastante conforme para ser mi primera compra.-soo good. faster, best quality;en stock, enviado en Aug 28 - Aug 30;Estilo: Vendimia,Material: PU,Tipo de cierre: Cremallera,Ocasión: Fiesta,tienda,Viajar,Colegio,Tipo de patrón: Sólido,Forma: Cartera,Estructura de bolsas: Bolsillo interior de la ranura,Bolsillo del teléfono celular,Bolsillo interior con cremallera,Compartimiento interior,Zipper_Pouch,Caracteristicas: Correas ajustables,tamaño: L,;Mochila para mujer Bolso de viaje Mochila Escuela Hombro Bolsa;-56%;20090;4.8
;Качество хорошее,товар понравился спасибо-I love it!-Mignon mais trop petit pour carte d d'identité-Great wee wallet-Die Geldbörse ist perfekt. Größe und Farbe übereinstimmend, wie auf dem Foto zu sehen. Kunstleder;esperado enviado en Aug 30 - Sep 01;Material: cuero genuino,;RFID Cartera antimagnética de cuero genuino de 11 colores con 11 ranuras de tarjeta;-69%;7280;4.9
negro,azul,marrón;buen producto, llego en tiempo-nice.... oke.. good-Really great thing-Looks nice. I would recommend it to others.-جميلة جدا وخامتها روعة;en stock, enviado en Aug 28 - Aug 30;Estilo: Negocio,Casual,Tipo de cierre: Aldaba,Cubrir,Ocasión: Versátil,Colegio,Tipo de bolsa: Titular de la tarjeta,Monedero,Tipo de carteras: Mini Carteras,Carteras de organizador,Monedero,Porta tarjetas,Delgado,Estilo de billetera: Broche de cierre,;Monedero para tarjeta de múltiples ranuras de color liso para hombres;-48%;5099;4.8
multicolor;Bought this for my mother. It must have been stored for decades in some storage. It smells really bad. How could you ship something like that. It should be illegal.-un petit sac original-very nice and coloured bag!-Super contente, c'est exactement ce que j'attendais les couleurs, la qualité, le cuir, la forme ....-I really love this bag the shade of colour is darker than advertised but still a lovely bag thank you.;en stock, enviado en Aug 28 - Aug 30;Estilo: Vendimia,Material: Piel genuina,Tipo de cierre: Cremallera,Ocasión: Fiesta,tienda,Viajar,Colegio,Tipo de bolsa: Bolsa de canasta,Estructura de bolsas: Bolsillo interior de la ranura,Bolsillo del teléfono celular,Bolsillo interior con cremallera,Compartimiento interior,Zipper_Pouch,Caracteristicas: Correas ajustables,Correa de hombro desmontable,;Bolso de Crossbody floral del cuero genuino de las mujeres Bolsos de Bohemia del bolso del cubo de la vendimia;-79%;13853;4.6
negro,azul,marrón,gris,verde,púrpura;Nice und as expected-Very nice bag-Eine Tolle Tasche elegant und praktisch-التأخير في التسليم-Practical bag. Good value. Smaller than I expected but like it.;en stock, enviado en Aug 28 - Aug 30;Estilo: Casual,Material: Oxford,Tipo de cierre: Cremallera,Ocasión: Versátil,Viajar,Tipo de bolsa: Bolsa de pecho,Estructura de bolsas: Bolsillo interior de la ranura,Bolsillo del teléfono celular,Bolsillo interior con cremallera,Compartimiento interior,Zipper_Pouch,Dureza: Suave,Caracteristicas: Correas ajustables,Multi-Carry,tamaño: M,;Gran capacidad Casual al aire libre Puerto USB de carga Puerto Sling Bolsa Cofre Bolsa Crossbody Bolsa;-51%;10840;4.9
negro,marrón,gris,rosado;bem grande, gostei muito!-;esperado enviado en Aug 30 - Sep 01;Estilo: Casual,Material: PU,cuero de imitación,Tipo de cierre: Aldaba,Ocasión: Versátil,Tipo de patrón: Decoración: Difícil,Caracteristicas: ,;Mujer gran capacidad 2pcs bolsos de cuero de la PU Bolsa Crossbody Bolsa;-50%;7288;5.0
verde;poor product quality-the product was real-the bag is not like branded .-bonita, pero muy pequeña-es bonita pero pequeña;esperado enviado en Aug 30 - Sep 01;Estilo: bohemio,Material: PU,cuero de imitación,Tipo de cierre: Cremallera,Ocasión: Fiesta,tienda,Viajar,Colegio,Tipo de patrón: Impresión,Forma: Cartera,Hombro,Tipo de bolsa: Bolso del teléfono,Estructura de bolsas: Bolsillo del teléfono celular,Bolsillo interior con cremallera,Zipper_Pouch,Caracteristicas: Correas ajustables,Correa de hombro desmontable,tamaño: S,;Bolsos cruzados del viaje de la mochila bohemia de las mujeres del estampado forestal de las mujeres;-56%;9673;4.6
bolsa de almacenaje monocolor disponible en varios colores. cierre mediante cremallera.;Beautiful and very useful luggage packing set. Fast delivery to Canada.-ADOREI! Lindo demais.-good product and received in perfect condition-perfect perfect perfect-perfecto, tal cual la foto;en stock, enviado en Aug 28 - Aug 30;;5/7/9 Bolsas de almacenaje impermeable;-78%;9476;5.0
;"Adorei,recumendo Newchic a todos,obrigado pela atenção . Cumprimentos-Adorei estão de parabéns obrigado pela atenção Cumprimentos-Не совсем то, что ожидали, думали он из ткани снаружи и подкладка внутри, на самом деле из дешевой такой резиновой ""ткани"". Вместительный. Явно непромокаемый. Если его руками не трогать, то выглядит в общем стильно. Покупали ребенку в школу. Ребенок рад.-Demorou um pouco mais que o esperado, mas valeu a pena.-en perfecto estado muy lindo y de buen tamaño";en stock, enviado en Aug 28 - Aug 30;Tipo: mochila,;Mochila clásica de oxford adecuada para MacBook Pro de 11'' 13'' 15'' para hombres y mujeres;-46%;19222;4.7
negro,rojo,gris,rosado,amarillo;tamanho e cor otimos-nice product and fast delivery-It is a good quality, but due to the transport, it has a little deformed on the side and I will have to waste a lot of time to mold it. The shoulder-strap is great and it stops to the taste of anyone even-Such a cute little bag!! I’ve been looking for a little yellow bag for ages and I’ve finally got one. It’s a really good size.-Very goooood quality;en stock, enviado en Aug 28 - Aug 30;Estilo: Casual,Material: cuero de imitación,Tipo de cierre: Cremallera,Ocasión: Fiesta,Versátil,tienda,Colegio,Tipo de patrón: Decoración: Difícil,Forma: Hombro,Estructura de bolsas: Bolsillo interior de la ranura,Bolsillo del teléfono celular,Tenedor de cadena dominante interior,Zipper_Pouch,Dureza: Difícil,Caracteristicas: Correas ajustables,Correa de hombro desmontable,Multi-Carry,tamaño: M,;MANDY Mujer Bolso Cuadrado Sólido Casual De Compras Bolsa;-57%;21878;5.0
negro,caqui;Me encantó esta pequeña y portatil y el material parece bastante bueno-Bin sehr zufrieden und der Versand fing auch schnell. Tasche entspricht dem bild :) Kann ich weiter empfehlen-Well worth it for an every day bag.-Hola, las mochilas muy livianas y comodas, los huaraches super comodos y me los han halagado muchísimo, estoy contenta con estas compras, ojala las nuevas prendas que están por mandarme sean igual o mejor-exactly what I’m looking for;en stock, enviado en Aug 28 - Aug 30;Estilo: Viajar,Material: Nylon,Tipo de cierre: Cremallera,Ocasión: Fiesta,tienda,Viajar,Colegio,Tipo de patrón: Sólido,Estructura de bolsas: Bolsillo interior de la ranura,Bolsillo del teléfono celular,Bolsillo interior con cremallera,Compartimiento interior,Zipper_Pouch,Caracteristicas: Correas ajustables,Correa de hombro desmontable,tamaño: L,;Mochila de viaje antirrobo de nylon para mujeres Mochilas de hombro multifuncionales de ocio sólido;-55%;14357;4.9
 marrón, negro, gris oscuro, amarillo marrón;bag is very nice, more than nice for the price.-Bin sehr zufrieden, alles ist wie in der Beschreibung angegeben9p-Bought as a Father's Day gift. Attractive, nice quality. It got a little squished during transit because is was not stuffed with paper or boxed. My husband says he likes it. He has never worn anything like this before so we shall see if he uses it. It is masculine enough for a men's bag.-just beautiful and so comfortable-just perfect I love it;en stock, enviado en Aug 28 - Aug 30;;Genuino cuero comercial casual bolsa pectoral al hombro en bandolera bolsa para hombres;-49%;31595;4.8
negro,azul,gris,beige,púrpura,caqui,rosa roja,vino rojo,cielo azul;Very good product-lovely casual bag-;en stock, enviado en Aug 28 - Aug 30;Estilo: Viajar,Material: Nylon,Tipo de cierre: Cremallera,Ocasión: tienda,Viajar,Tipo de patrón: Sólido,Forma: Hombro,Estructura de bolsas: Bolsillo interior de la ranura,Bolsillo del teléfono celular,Bolsillo interior con cremallera,Compartimiento interior,Zipper_Pouch,Caracteristicas: Correas ajustables,tamaño: M,;Mujeres Nylon Resistente al agua Multi-slot Crossbody Bags Solid Leisure Shoulder Bags;-56%;12569;5.0
negro,azul,rosado,verde,amarillo;i love it! but smaller than i expected but still its a very cute bag. ❤️-جميلة جدا وشكرا-Comoda e capiente. Un must assoluto!-the strap is too long for me. really love the bag nonetheless!-prodotto perfetto. Anche pagando la spedizione venoce si rischia che arrivi con giorni di ritardo.;en stock, enviado en Aug 28 - Aug 30;Estilo: Viajar,Casual,Mundano,Material: PU,cuero de imitación,Tipo de cierre: Cremallera,Ocasión: Fiesta,Versátil,tienda,Viajar,Deporte,Colegio,Tipo de patrón: Sólido,Forma: Hombro,Estructura de bolsas: Bolsillo del teléfono celular,Bolsillo interior con cremallera,Zipper_Pouch,Dureza: Suave,Caracteristicas: Correas ajustables,Correa de hombro desmontable,Multi-Carry,tamaño: M,;DREAME Mujer Bolso cosmético sólido Capacidad Bolso Crossbody bolsa multifunción;-67%;29173;4.9
negro,azul,gris,caqui;"The bag has a lot of space, it can put a lot of things, and the grid is many, so practical.-Functional, better than expected quality; especially for the price. Many pockets, inside and out provide plenty of options to store your laptop-I bought the same gray, and the design won my heart. I have never found a package that can replace it.-Although it says 'men's', there is no reason whatsoever that it can't be used by a woman. We also need bags with lots of pockets to organize our lives! Especially on sale, this was a good buy. Also, it arrived quite quickly! Recommended!-High quality bad and I love the pockets around it";en stock, enviado en Aug 28 - Aug 30;Estilo: Viajar,Negocio,Material: Nylon,Tipo de cierre: Cremallera,Ocasión: Fiesta,tienda,Viajar,Colegio,Tipo de bolsa: Bolsa de mensajero,Estructura de bolsas: Bolsillo interior de la ranura,Bolsillo del teléfono celular,Bolsillo interior con cremallera,Compartimiento interior,Zipper_Pouch,Dureza: Suave,Caracteristicas: Correas ajustables,Correa de hombro desmontable,Impermeable,Multi-Carry,tamaño: L,;Hombres Nylon Impermeable Crossbody de gran capacidad Bolsa Bolso para computadora de negocios multifunción;-71%;20419;4.7
negro,rojo,rosado,amarillo,café;really nice quality for the price and super unique purse. looks just like the photo on the website-I love the bag, but it came squashed not exactly formed like a milk carton. So I had to block it with news paper to get the carton shape back.-very cute, love the materials used-The bag is like the picture, however there were little spots tears and frays. I also do not-My friend loved it! A very cute and reasonable priced way to surprise her! It looks just like the pictures!;en stock, enviado en Aug 28 - Aug 30;Estilo: Dibujos animados,Material: PU,cuero de imitación,Tipo de cierre: Aldaba,Ocasión: Fiesta,Viajar,Colegio,Tipo de patrón: Impresión,Forma: Cangilón,Tipo de bolsa: Bolsa de canasta,Caracteristicas: Correas ajustables,tamaño: M,;Mujer PU cuero lindo leche Caja Crossbody Bolsa monedero del teléfono informal;-67%;13576;4.9
azul,gris,rosado;صغيرة مقارنة بالصورة بس ممتازه-it looks fine, just need to pull drawstring.-exactly as advertised-very easy to use-Ad advertised inexpensive;esperado enviado en Aug 30 - Sep 01;Estilo: Viajar,Casual,Material: Nylon,Tipo de cierre: Cuerda,Ocasión: Viajar,Deporte,Tipo de patrón: Impresión,;Bolso cosmético del viaje del cordón de gran capacidad de las mujeres de nylon;-55%;6310;4.9
;Очень приятная на ощупь! В офис и на прогулку. Маленькая и благородная. Не смотрится вычурно, хоть и винтаж-Сумка понравилась,рекомендую продавца!-nice bags and good quality-I just love it-nice design for a bag;esperado enviado en Aug 30 - Sep 01;Tipo: bolso bandolera, Material: PU,;Bolso bandolera retro de PU con hasp Bolso de cubo para mujeres;-46%;16334;4.8
;Utile et pratique-great quality. i like it a lot-Es muy practico, yo lo lleve en mi viaje al extranjero. muy comodo y acceso rapido al Boarding Pass. Lo recomiendo-the quality doesnt worth the price-good product and received in perfect condition;en stock, enviado en Aug 28 - Aug 30;Tipo del Artículo: Bolsa de Embarque, Material: PU Cuero,;Mujeres Hombres al Aire Libre Necesidad de Embarque Bolsa de Pasaporte Tarjetero de Mano Bolsa de Viaje;-45%;7871;5.0
negro,marrón;amazing small bag for my weekend shopping love it-perfect choice .. loved it-love the design！-good quality... I like the color too...-Demorou mas chegou!;esperado enviado en Sep 03;Estilo: Viajar,Material: PU,Tipo de cierre: Cremallera,Ocasión: Fiesta,tienda,Viajar,Colegio,Tipo de patrón: Sólido,Estructura de bolsas: Bolsillo interior de la ranura,Bolsillo del teléfono celular,Bolsillo interior con cremallera,Compartimiento interior,Caracteristicas: Correas ajustables,;Mujer Ocio Mochila de viaje de gran capacidad Multifunción Soft Hombro de cuero Bolsa;-57%;17282;5.0
negro,azul,marrón,gris;Me gustó. Gracias-Nice purse, great color, just what I wanted.-Bella subito messa in dopera grazie-qualite moyenne trace de colle sur tissu et fermeture moyenne-nice bag,...but the bag strap is very thin...but so far is good, thank you seller;esperado enviado en Aug 30 - Sep 01;Estilo: Casual,Material: Terciopelo,Tipo de cierre: Cremallera,Ocasión: Fiesta,tienda,Viajar,Colegio,Tipo de patrón: Sólido,Estructura de bolsas: Bolsillo interior de la ranura,Bolsillo del teléfono celular,Bolsillo interior con cremallera,Compartimiento interior,Zipper_Pouch,Caracteristicas: Correas ajustables,Correa de hombro desmontable,tamaño: M,;Mujer Crossbody de franela sólida Bolsa Soft bolso de ocio ;-56%;11322;4.6
bolso hobo monocolor en negro y marrón. con correa ajustable. cierre mediante cremallera.;bestone ,i liked it alot, perfectly as it is shown in pic-nice bag, but it smaller than i imagine the leather little bit bad smell but i can remove it by spray my parfume on there’s so many compartment so i can bring so many thing separately as i wish thankyou :)-A bolsa é linda, zipers reforçados e o melhor: VÁRIOS COMPARTIMENTOS para ajudar na organização! Preço mais do que justo.-Good product, exactly as the picture shows-Gostei do produto só pensei q fosse maior.;en stock, enviado en Aug 28 - Aug 30;;Bolso hobo suave PU;-55%;25394;4.5
negro,gris;;esperado enviado en Sep 06;Estilo: Negocio,Tipo de cierre: Cremallera,Ocasión: Versátil,Forma: Hombro,Tipo de bolsa: Bolsa de lona,Dureza: Suave,Caracteristicas: Correas ajustables,tamaño: L,;Viaje de negocios Bolsa Equipaje Bolsa Traje Aptitud Bolsa portátil de gran capacidad;-56%;31850;0.0
;good product-Liked. came exactly what I had ordered.-el pedido llego bien-مره شكرًا عجبني كثير كثير-A very good shoulder bag that i absolutely love. Would recommend!;esperado enviado en Sep 02;Marca: KVKY, , Detalles:, Tipo: bolso tote,;KVKY Bolso tote casual retro de lona de tres capas para mujeres;-57%;21885;4.6
;great product. I use it every time I travel. it’s really convenient to have everything organized in cubes!-way too small-Where is my second order ?-I don't use my bags for travel I use them to store my jewelry in. I put each piece of matching jewelry in a sandwich ziploc bag .. separate the gold from the silver and store in the bags accordingly. I do the same with my gold and silver earrings. When I need a piece of jewelry I just open the appropriate bag. Now I'm not spending my dress time trying to get them untangles.-Where is my second order ?how do I contact you about that ?;en stock, enviado en Aug 28 - Aug 30;Tipo: bolso de almacenamiento, Material: nylón,;Pack de 6 bolsos de almacenamiento impermeable de nylón en viaje;-75%;6558;4.8
;Very nice really liked it-Hello New Chic Customers! My Ferricos RFID Antimagnetic Genuine Leather Vintage Tri-fold Large Capacity Short Wallet For Men arrived yesterday and I was pleasantly surprised by its packaging and quality of Grade A leather material. Best wallet that I have ever owned and well worth the cost! I’m going to order another today! Jonathan Scales-Chicago-Authentic leather and good quality.-Все как на картинке, качество хорошое- рекомендую.-Thanks in very good order;en stock, enviado en Aug 28 - Aug 30;Material: cuero genuino,;FERRICOS RFID Cartera corta retra antimagnética de cuero genuino de gran capacidad para hombres;-48%;20813;4.8
crema, marrón, gris, negro;E comodo ma poco resistente-Product is exactly as i saw it on website, really good fit-happy happy buyer-i love it-Very nice parcel, good for my cards.;en stock, enviado en Aug 28 - Aug 30;Tipo: bolso de depósito de coche, Material: PU, Peso: 80 g, Largo: 8,5 cm (3,35''), Altura: 10 cm (3,94''), Ancho: 5 cm (1,97''), Patrón: sólido,;Bolso de depósito multifuncional de PU en ventilación de coche Bolso de móvil de chisme;-48%;4457;5.0
amarillo, gris, verde, violeta, negro, vino rojo, naranja, rosa, azul;This is now really small. It's a versatile product but expected it to be bigger. Love it overall.-Very handy to transfer things from bag to bag-This is a really nice liner for tote purses. I like not having to exchange all of my items from purse to purse now. Just one bag.-Genau wie auf dem Bild! Die Verarbeitung ist nicht perfekt aber für den Preis total in Ordnung.-petite sacoche très pratique,pour la vie quotidienne et les voyages;esperado enviado en Aug 30 - Sep 01;Tipo del Artículo: Cosmética Bolsa, Material: Nylón, Peso: 100g, Cinta: 5cm (1.97''), Longitud: 28cm (11.02''), Altura: 18cm (7.09''), Ancho: 9cm (3.54''), Patrón: Sólido, Cierre: Cremallera,;Para Mujeres de Viaje Neceser Portátil de Nylón Grande Cosmética Bolsa con Forro Organizador Ordenador Bolsa;-48%;5143;4.8
negro, violeta, magenta, azul, burdeos;hermosa y práctica cartera, ya la estoy usando!-Todo perfecto....muy buen producto !-I SOOOOOO wanted to love this bag. It is roomy and functional but it STINKS. I am airing it for days now, indoors and outdoors but it still stinks. I am beginning to consider washing it...-Correspond à l'article commandée-esta super y con varios bolsillo muy utilitario;en stock, enviado en Aug 28 - Aug 30;Tipo: bolso bandolera, Material: nylón       ,Forro: poliéster, Dentro: bolsillo principal, bolsillo con cremallera, entrecapa, bolsillo de móvil, bolsillo de tarjeta, Cierre: cremallera, Grande, Peso: 500 g, Largo: 31 cm (12,20''), Alto: 24 cm (9,45''), Ancho: 15 cm (5,91''), Pequeño, Peso: 400 g, Largo: 25 cm (9,84''), Alto: 21 cm (8,27''), Ancho: 9,5 cm (3,74''),;Bolso bandolera deportivo ligero impermeable de nylón para mujeres;-56%;12029;4.9
negro;es mas pequeño de lo que pense-love the bag. it is what I expected.-Суперудобный рюкзак, я в восторге!-Just as advertised in the catalogue. very happy with the product.-it came in a good condition and it looks just like the pictur . like it very much thank you;en stock, enviado en Aug 28 - Aug 30;Estilo: Nacional,Material: PU,cuero de imitación,Tipo de cierre: Cremallera,Ocasión: Fiesta,tienda,Viajar,Colegio,Tipo de patrón: Animal Prints,Decoración: Suave,Estructura de bolsas: Bolsillo interior de la ranura,Bolsillo del teléfono celular,Bolsillo interior con cremallera,Compartimiento interior,Zipper_Pouch,Caracteristicas: Correas ajustables,Correa de hombro desmontable,tamaño: L,;Mujer Mochila de elefante nacional, PU, cuero, hombro Bolsa;-62%;13124;5.0
multicolor;é bonita, mas o acabamento é ruim, não tem forro. também é bem menor do que aparenta na foto-;esperado enviado en Aug 30 - Sep 01;Estilo: Casual,Material: PU,cuero de imitación,Ocasión: Versátil,Tipo de patrón: Tipo de bolsa: Bolsa de canasta,Dureza: Difícil,Caracteristicas: ,;4 UNIDS Bolso Cubo Mujer Hombro Sencillo De Cuero De Imitación Bolsa Embrague Bolsa;-68%;9381;0.0
negro,azul,gris,rosado,verde,amarillo;SUPER CUTE. AND GOOD QUALITY-Cute exactly as expected-very nice quality! you can match in any dress.. thumbs up!-Excellent value, excellent size, excellent colour, altogether excellent, this is the second colour I have bought.-I loved this bag;en stock, enviado en Aug 28 - Aug 30;Estilo: Viajar,Hip hop,Moda,Casual,Mundano,Material: PU,cuero de imitación,Tipo de cierre: Cremallera,Ocasión: Fiesta,Versátil,tienda,Viajar,Deporte,Colegio,Tipo de patrón: Sólido,Forma: Hombro,Estructura de bolsas: Bolsillo interior con cremallera,Zipper_Pouch,Dureza: Suave,Caracteristicas: Correas ajustables,Multi-Carry,tamaño: S,;Mujer Sólido Casual Sport Pequeño Crossbody Bolsa;-50%;14517;4.8
;nice n good quality-Love this, I feel so smart and sassy when carrying it .-Me encantó, un poco pequeña pero me gustan pequeñas-جميله جدا-unique, cute and good material;esperado enviado en Aug 31;Material: PU,;Bolso bandolera bohemio estampado de gran capacidad;-59%;18566;4.8
;really pretty but the opening could me a little bigger-exactamente como la fotografía.-awesome product just like in the picture-отлично! подарок подружке сына-Love my purchase. I'm very pleased. It didn't take to long to receive and it was worth the wait.;en stock, enviado en Aug 28 - Aug 30;Tipo: cartera,;Cartera mona de dibujo animado Bolso de cuello con ranuras de tarjeta para mujeres;-45%;6558;4.8
negro,marrón,multicolor,vino rojo;muito bonita, só demora muito pra chegar-;esperado enviado en Sep 02;Estilo: Vendimia,Material: PU,cuero de imitación,Tipo de cierre: Cremallera,Ocasión: Fiesta,Viajar,Colegio,Tipo de patrón: Sólido,Forma: Cáscara,Tipo de bolsa: Bolso del teléfono,Estructura de bolsas: Bolsillo del teléfono celular,Dureza: Suave,tamaño: Mini,;Mujer Solid Leisure Mini Shell Bolsa vendimia Teléfono Bolsa Crossbody de cuero sintético Bolsa;-56%;9308;0.0
gris;;esperado enviado en Sep 03 - Sep 13;Estilo: Negocio,Mundano,Material: Oxford,Ocasión: Versátil,tienda,Viajar,Colegio,Estructura de bolsas: Bolsillo del teléfono celular,Compartimiento interior,Caracteristicas: Correas ajustables,tamaño: M,;Xiaomi al aire libre Travel Crossbody Messenger Chest Bolsa ;-73%;14583;0.0
verde;wie abgebildet, lässige Geldbörse, Platz für viele Karten-Pretty I really like it-I like it so much. the quality is good. I would like more cards pockets inside.-Sehr schöne Börse. Bin sehr zufrieden.-Sehr schöne Börse. Bin sehr zufrieden.;esperado enviado en Sep 03 - Sep 13;Estilo: bohemio,Material: PU,Tipo de cierre: Cremallera,Ocasión: Fiesta,tienda,Colegio,Tipo de patrón: Impresión,Tipo de bolsa: Bolso del teléfono,Titular de la tarjeta,Monedero,Tipo de carteras: Monedero largo,Estilo de billetera: Zip Around,;Bolso multifuncional de la tragamonedas de las bolsos del teléfono de las mujeres largas bohemias de Bohemia 4;-55%;6835;4.7
negro,azul,rojo,rosado;"Very handy for travelling to put passports & cell phones. Quality is nylon so it is also waterprove.-Love it, just the right size-I love these little purses; they are light weight and yet everything fits perfecty; No more big purses for me. I do have one negative comment- the zippers are gaudy; a very bright and very shiny gold colour. These purses would be much nicer with mat zippers.-good quality same of pictures-I love this small purse and i'm getting ready to order a black one";esperado enviado en Aug 30 - Sep 01;Estilo: Viajar,Material: Nylon,Tipo de cierre: Cremallera,Ocasión: Fiesta,tienda,Viajar,Colegio,Tipo de patrón: Sólido,Forma: Hombro,Tipo de bolsa: Bolso del teléfono,Estructura de bolsas: Bolsillo interior de la ranura,Bolsillo del teléfono celular,Dureza: Suave,Caracteristicas: Correas ajustables,Correa de hombro desmontable,tamaño: M,;Mujer Embrague de múltiples ranuras resistente al agua Bolsa Nylon Sólido Mini Crossbody Bolsa;-69%;7288;5.0
negro,rojo;Ótimo produto, superou minhas expectativas-easy, faster, good quality-Die Tasche ist heute angekommen. Perfekt verarbeitet! *****-Bag received, very like, zipper in the back, security, color and description consistent, good quality, good service, satisfied,cool.-;esperado enviado en Aug 30 - Sep 01;Estilo: Casual,Material: Oxford,Tipo de cierre: Cremallera,Ocasión: Fiesta,tienda,Viajar,Colegio,Tipo de patrón: Sólido,Decoración: Suave,Estructura de bolsas: Bolsillo interior de la ranura,Bolsillo del teléfono celular,Bolsillo interior con cremallera,Compartimiento interior,Zipper_Pouch,Caracteristicas: Correas ajustables,Correa de hombro desmontable,tamaño: L,;Hombro de viaje antirrobo sólido Oxford Escuela mochila Bolsa;-55%;15516;5.0
negro,azul,gris,rosado,amarillo;Brilliant little bag just what I wanted quality excellent came next day delivery nicely pack very happy.-We bought this as a present for our daughter to keep her ipod and purse in when she goes to her best friend's house on the weekends and on holidays.-Recommend it-I loved the overall design, size, shape, color, etc.-;en stock, enviado en Aug 28 - Aug 30;Estilo: Casual,Material: PU,cuero de imitación,Tipo de cierre: Cremallera,Ocasión: Fiesta,Versátil,tienda,Viajar,Colegio,Tipo de patrón: Sólido,Decoración: Suave,Forma: Hombro,Tipo de bolsa: Bolso del teléfono,Estructura de bolsas: Bolsillo del teléfono celular,Zipper_Pouch,Dureza: Suave,Caracteristicas: Correas ajustables,Correa de hombro desmontable,Multi-Carry,tamaño: M,;Mujer Embrague multifunción de doble cara Bolsa Teléfono Bolsa Crossbody Bolsa;-51%;16042;5.0
negro,azul,gris,púrpura,vino rojo;Spacious, elegant, useful-love this product! its bigger then appears and made well! best item purchase so far!-Przydatna saszetka na elektronikę!-The bag came in perfect condition. The size is adequate,with enough room for cables, usb storage units and other much larger items. Definetely a repeat buy.-Good!;esperado enviado en Aug 31;Estilo: Viajar,Casual,Material: Oxford,Tipo de cierre: Cremallera,Ocasión: Versátil,Viajar,Tipo de patrón: Sólido,;Mujeres hombres multifunción Cable de datos Bolsa de almacenamiento de carga de almacenamiento de la caja de almacenamiento;-52%;8367;5.0
negro,azul,marrón,gris,rosado,beige,púrpura,astilla,rosa roja,vino rojo;très pratique et léger ,il permet de porter facilement téléphone, lunettes de soleil et de vue et quelques papiers-perfect as described-не понравилось очень маленькая-Tout petit sac, je le pensais plus grand-Cute little bag ideal for passport and phone.;esperado enviado en Aug 30 - Sep 01;Estilo: Vendimia,Material: PU,cuero de imitación,Tipo de cierre: Cremallera,Ocasión: Fiesta,tienda,Viajar,Colegio,Tipo de patrón: Sólido,Forma: Hombro,Estructura de bolsas: Bolsillo interior de la ranura,Bolsillo del teléfono celular,Bolsillo interior con cremallera,Compartimiento interior,Caracteristicas: Correas ajustables,tamaño: Mini,;Mujer vendimia Mini Crossbody sólida Bolsa Mini teléfono Bolsa;-60%;6558;4.6